{
  "http_protocol": {
    "aa.agkn.com": "HTTP/2.0",
    "aan.amazon.com": "HTTP/1.1",
    "aax-us-east.amazon-adsystem.com": "HTTP/1.1",
    "aax-us-iad.amazon.com": "HTTP/1.1",
    "ads.samba.tv": "HTTP/2.0",
    "ads.stickyadstv.com": "HTTP/1.1",
    "ads.yahoo.com": "HTTP/2.0",
    "amazon.partners.tremorhub.com": "HTTP/2.0",
    "analytics.twitter.com": "HTTP/2.0",
    "assoc-na.associates-amazon.com": "HTTP/1.1",
    "beacon.krxd.net": "HTTP/2.0",
    "bs.serving-sys.com": "HTTP/1.1",
    "c1.adform.net": "HTTP/2.0",
    "cm.g.doubleclick.net": "HTTP/2.0",
    "cms.analytics.yahoo.com": "HTTP/2.0",
    "completion.amazon.com": "HTTP/1.1",
    "content-signature-2.cdn.mozilla.net": "HTTP/2.0",
    "d1f0esyb34c1g2.cloudfront.net": "HTTP/1.1",
    "d1lxz4vuik53pc.cloudfront.net": "HTTP/2.0",
    "detectportal.firefox.com": "HTTP/1.1",
    "dpm.demdex.net": "HTTP/1.1",
    "firefox.settings.services.mozilla.com": "HTTP/1.1",
    "fls-na.amazon.com": "HTTP/2.0",
    "googleads.g.doubleclick.net": "HTTP/2.0",
    "ib.adnxs.com": "HTTP/1.1",
    "image6.pubmatic.com": "HTTP/1.1",
    "images-na.ssl-images-amazon.com": "HTTP/2.0",
    "lciapi.ninthdecimal.com": "HTTP/1.1",
    "lm.serving-sys.com": "HTTP/2.0",
    "load77.exelator.com": "HTTP/2.0",
    "loadus.exelator.com": "HTTP/2.0",
    "m.media-amazon.com": "HTTP/2.0",
    "odr.mookie1.com": "HTTP/2.0",
    "pi.ispot.tv": "HTTP/2.0",
    "pixel.advertising.com": "HTTP/2.0",
    "pixel.placed.com": "HTTP/2.0",
    "pixel.tapad.com": "HTTP/2.0",
    "px.surveywall-api.survata.com": "HTTP/1.1",
    "s.amazon-adsystem.com": "HTTP/1.1",
    "snippets.cdn.mozilla.net": "HTTP/1.1",
    "spl.zeotap.com": "HTTP/2.0",
    "ssum-sec.casalemedia.com": "HTTP/1.1",
    "sync.1rx.io": "HTTP/1.1",
    "sync.search.spotxchange.com": "HTTP/1.1",
    "t.myvisualiq.net": "HTTP/1.1",
    "tags.bluekai.com": "HTTP/1.1",
    "token.rubiconproject.com": "HTTP/1.1",
    "trc.taboola.com": "HTTP/2.0",
    "unagi-na.amazon.com": "HTTP/1.1",
    "unagi.amazon.com": "HTTP/1.1",
    "ups.analytics.yahoo.com": "HTTP/1.1",
    "us-u.openx.net": "HTTP/2.0",
    "usermatch.krxd.net": "HTTP/2.0",
    "usersync.samplicio.us": "HTTP/1.1",
    "www.amazon.com": "HTTP/2.0",
    "www.facebook.com": "HTTP/2.0",
    "www.google.com": "HTTP/2.0",
    "www.google.ro": "HTTP/2.0",
    "www.imdb.com": "HTTP/2.0",
    "x.bidswitch.net": "HTTP/2.0"
  },
  "info": {
    "app": "firefox",
    "app_info": {
      "browserName": "firefox",
      "browserVersion": "77.0.1",
      "buildID": "20200602222727"
    },
    "domain": "amazon",
    "etdl": [
      "firefox.com",
      "mozilla.net",
      "mozilla.com",
      "amazon.com",
      "media-amazon.com",
      "ssl-images-amazon.com",
      "associates-amazon.com",
      "cloudfront.net",
      "amazon-adsystem.com",
      "agkn.com",
      "advertising.com",
      "1rx.io",
      "adnxs.com",
      "casalemedia.com",
      "mookie1.com",
      "myvisualiq.net",
      "demdex.net",
      "openx.net",
      "twitter.com",
      "stickyadstv.com",
      "zeotap.com",
      "facebook.com",
      "yahoo.com",
      "doubleclick.net",
      "spotxchange.com",
      "bidswitch.net",
      "imdb.com",
      "serving-sys.com",
      "placed.com",
      "pubmatic.com",
      "rubiconproject.com",
      "survata.com",
      "samplicio.us",
      "bluekai.com",
      "samba.tv",
      "ispot.tv",
      "tremorhub.com",
      "ninthdecimal.com",
      "krxd.net",
      "adform.net",
      "exelator.com",
      "taboola.com",
      "google.com",
      "tapad.com",
      "google.ro"
    ],
    "label": null,
    "platform": {
      "machine": "x86_64",
      "processor": "x86_64",
      "release": "4.15.0-109-generic",
      "system": "Linux",
      "version": "#110-Ubuntu SMP Tue Jun 23 02:39:32 UTC 2020"
    },
    "proxy": "mitm5",
    "url": "https://www.amazon.com/s?k=laptop&ref=nb_sb_noss_1"
  },
  "recorded_requests": 252,
  "recorded_requests_unique": 234,
  "recording_date": "2020-07-13 14:13:29.205904"
}